name,varplace
Boldy James,USA
Nathaniel Ozuski,USA
Premo Rice,USA
Benny the Butcher,USA
Roc Marciano,USA
Chase Fetti,USA
NSG,USA
Tion Wayne,USA
XXXTentacion,USA
Krept,USA
Konan,USA
IDPizzle,USA
D-Block Europe,USA
Burna Boy,USA
Gunna,USA
Drake,USA
Tay-K,USA
Tinashe,USA
Joey Trap,USA
Tokyo's Revenge,USA
Cheif Keef,USA
Young Chop,USA
50 Cent,USA
Justin Timberlake,USA
Turbo,USA
James Blake,USA
Playboi Carti,USA
Cannon ThaBeast,USA
Domo Genesis,USA
Drakeo the Ruler,USA
Glokk40Spaz,USA
2wo2imes,USA
LAZERDIM700,USA
A$AP Mob,USA
Summrs,USA
Black Kray,USA
Sickboyrari,USA
Cash Cobain,USA
Chow Lee,USA
SlimeGetEm,USA
Skrilla,USA
A$AP Rocky,USA
Dean Blunt,USA
BELLZ,USA
Bandokay,USA
Packflip$,USA
D-Boa,USA
Saint Klawd,USA
Roscoe Dash,USA
800pts,USA
LD,USA
Monkey 67,USA
sleek,USA
Bad Bunny,USA
Max B,USA
Haze,USA
Blueface,USA
Travis Scott,USA
Westside Gunn,USA
OT7 Quanny,USA
Autumn!,USA
che,USA
Lil Baby,USA
Nine Vicious,USA
JAŸ-Z,USA
Alicia Keys,USA
Pagani,USA
Trippie Redd,USA
Skye Morales,USA
Ian,USA
Kevin McCall,USA
Masafumi Takada,USA
Speaker Knockers,USA
Polo Perks,USA
FEB PHONZO,USA
Shy Glizzy,USA
Bandmanrill,USA
J. Cole,USA
Devstacks,USA
Rich Amiri,USA
Pop Smoke,USA
Lucy Bedroque,USA
Tony Shhnow,USA
SenseiATL,USA
Yung Splash!,USA
Shad Da God,USA
COMMODORE,USA
Kwasi Kao,USA
Eera,USA
J.K. The Reaper,USA
Denzel Curry,USA
Kaytranada,USA
LOFTY 305,USA
Ski Mask the Slump,USA
The Virus And The Antidote,USA
Erykah Badu,USA
TNGHT,USA
Marian Hill,USA
Christian Rich,USA
Tunji Ige,USA
High Klassified,USA
Kris Bowers,USA
Jon Bap,USA
BADBADNOTGOOD,USA
B1 R.O.M X Deffie,USA
Monte Booker,USA
Smino,USA
ROMderful.,USA
Janet Jackson,USA
Masego,USA
Rascal,USA
Sango,USA
Sulu,USA
Gravez,USA
Tails,USA
Tora,USA
Galimatias,USA
Oh Wonder,USA
Louis The Child,USA
Knxwledge,USA
PYRMDPLAZA,USA
Flatbush Zombies,USA
Skepta,USA
Jill Scott,USA
paris jones,USA
Clockwork Indigo,USA
Earl Sweatshirt,USA
Towkio,USA
Vic Mensa,USA
weird inside,USA
oshi,USA
PARTYNEXTDOOR,USA
Chris McClenney,USA
Action Bronson,USA
mura masa,USA
yung bae,USA
Jesse James Solomon,USA
NSYNC,USA
3 Doors Down,USA
Alien Ant Farm,USA
Avril Lavigne,USA
Blink 182,USA
Bon Jovi,USA
Chappell Roan,USA
David Bowie,USA
Empire Of The Sun,USA
Evanescence,USA
Fall Out Boy,USA
Fountains of Wayne,USA
Jamiroquai,USA
Jimmy Eat World,USA
Journey,USA
Panic! at the Disco,USA
Queen,USA
Smash Mouth,USA
Spice Girls,USA
My Chemical Romance,USA
The Cranberries,USA
The Killers,USA
Wheatus,USA